Code Domaine,Domaine,Code zone (M49),Zone,Code Élément,Élément,Code Produit,Produit,Code année,Année,Unité,Valeur,Symbole,Description du Symbole,Note
"OA","Séries temporelles annuelles","004","Afghanistan","511","Population totale","3010","Population-Estimations","2013","2013","1000 personnes","31541.209","X","Ciffre de sources internationales",""
"OA","Séries temporelles annuelles","710","Afrique du Sud","511","Population totale","3010","Population-Estimations","2013","2013","1000 personnes","53873.616","X","Ciffre de sources internationales",""
"OA","Séries temporelles annuelles","008","Albanie","511","Population totale","3010","Population-Estimations","2013","2013","1000 personnes","2887.014","X","Ciffre de sources internationales",""
"OA","Séries temporelles annuelles","012","Algérie","511","Population totale","3010","Population-Estimations","2013","2013","1000 personnes","38000.626","X","Ciffre de sources internationales",""
"OA","Séries temporelles annuelles","276","Allemagne","511","Population totale","3010","Population-Estimations","2013","2013","1000 personnes","81680.591","X","Ciffre de sources internationales",""
"OA","Séries temporelles annuelles","020","Andorre","511","Population totale","3010","Population-Estimations","2013","2013","1000 personnes","71.367","X","Ciffre de sources internationales",""
"OA","Séries temporelles annuelles","024","Angola","511","Population totale","3010","Population-Estimations","2013","2013","1000 personnes","26147.002","X","Ciffre de sources internationales",""
"OA","Séries temporelles annuelles","660","Anguilla","511","Population totale","3010","Population-Estimations","2013","2013","1000 personnes","13.7","X","Ciffre de sources internationales",""
"OA","Séries temporelles annuelles","028","Antigua-et-Barbuda","511","Population totale","3010","Population-Estimations","2013","2013","1000 personnes","88.497","X","Ciffre de sources internationales",""
"OA","Séries temporelles annuelles","682","Arabie saoudite","511","Population totale","3010","Population-Estimations","2013","2013","1000 personnes","31482.498","X","Ciffre de sources internationales",""
"OA","Séries temporelles annuelles","032","Argentine","511","Population totale","3010","Population-Estimations","2013","2013","1000 personnes","42388.269","X","Ciffre de sources internationales",""
"OA","Séries temporelles annuelles","051","Arménie","511","Population totale","3010","Population-Estimations","2013","2013","1000 personnes","2901.385","X","Ciffre de sources internationales",""
"OA","Séries temporelles annuelles","533","Aruba","511","Population totale","3010","Population-Estimations","2013","2013","1000 personnes","102.88","X","Ciffre de sources internationales",""
"OA","Séries temporelles annuelles","036","Australie","511","Population totale","3010","Population-Estimations","2013","2013","1000 personnes","23111.782","X","Ciffre de sources internationales",""
"OA","Séries temporelles annuelles","040","Autriche","511","Population totale","3010","Population-Estimations","2013","2013","1000 personnes","8479.539","X","Ciffre de sources internationales",""
"OA","Séries temporelles annuelles","031","Azerbaïdjan","511","Population totale","3010","Population-Estimations","2013","2013","1000 personnes","9614.478","X","Ciffre de sources internationales",""
"OA","Séries temporelles annuelles","044","Bahamas","511","Population totale","3010","Population-Estimations","2013","2013","1000 personnes","385.65","X","Ciffre de sources internationales",""
"OA","Séries temporelles annuelles","048","Bahreïn","511","Population totale","3010","Population-Estimations","2013","2013","1000 personnes","1261.673","X","Ciffre de sources internationales",""
"OA","Séries temporelles annuelles","050","Bangladesh","511","Population totale","3010","Population-Estimations","2013","2013","1000 personnes","154030.139","X","Ciffre de sources internationales",""
"OA","Séries temporelles annuelles","052","Barbade","511","Population totale","3010","Population-Estimations","2013","2013","1000 personnes","276.865","X","Ciffre de sources internationales",""
"OA","Séries temporelles annuelles","112","Bélarus","511","Population totale","3010","Population-Estimations","2013","2013","1000 personnes","9691.137","X","Ciffre de sources internationales",""
"OA","Séries temporelles annuelles","056","Belgique","511","Population totale","3010","Population-Estimations","2013","2013","1000 personnes","11103.257","X","Ciffre de sources internationales",""
"OA","Séries temporelles annuelles","084","Belize","511","Population totale","3010","Population-Estimations","2013","2013","1000 personnes","344.688","X","Ciffre de sources internationales",""
"OA","Séries temporelles annuelles","204","Bénin","511","Population totale","3010","Population-Estimations","2013","2013","1000 personnes","10308.73","X","Ciffre de sources internationales",""
"OA","Séries temporelles annuelles","060","Bermudes","511","Population totale","3010","Population-Estimations","2013","2013","1000 personnes","63.506","X","Ciffre de sources internationales",""
"OA","Séries temporelles annuelles","064","Bhoutan","511","Population totale","3010","Population-Estimations","2013","2013","1000 personnes","728.889","X","Ciffre de sources internationales",""
"OA","Séries temporelles annuelles","068","Bolivie (État plurinational de)","511","Population totale","3010","Population-Estimations","2013","2013","1000 personnes","10743.349","X","Ciffre de sources internationales",""
"OA","Séries temporelles annuelles","535","Bonaire, Saint-Eustache et Saba","511","Population totale","3010","Population-Estimations","2013","2013","1000 personnes","22.003","X","Ciffre de sources internationales",""
"OA","Séries temporelles annuelles","070","Bosnie-Herzégovine","511","Population totale","3010","Population-Estimations","2013","2013","1000 personnes","3617.559","X","Ciffre de sources internationales",""
"OA","Séries temporelles annuelles","072","Botswana","511","Population totale","3010","Population-Estimations","2013","2013","1000 personnes","2217.278","X","Ciffre de sources internationales",""
"OA","Séries temporelles annuelles","076","Brésil","511","Population totale","3010","Population-Estimations","2013","2013","1000 personnes","201721.767","X","Ciffre de sources internationales",""
"OA","Séries temporelles annuelles","096","Brunéi Darussalam","511","Population totale","3010","Population-Estimations","2013","2013","1000 personnes","411.702","X","Ciffre de sources internationales",""
"OA","Séries temporelles annuelles","100","Bulgarie","511","Population totale","3010","Population-Estimations","2013","2013","1000 personnes","7431.167","X","Ciffre de sources internationales",""
"OA","Séries temporelles annuelles","854","Burkina Faso","511","Population totale","3010","Population-Estimations","2013","2013","1000 personnes","17636.408","X","Ciffre de sources internationales",""
"OA","Séries temporelles annuelles","108","Burundi","511","Population totale","3010","Population-Estimations","2013","2013","1000 personnes","10149.577","X","Ciffre de sources internationales",""
"OA","Séries temporelles annuelles","132","Cabo Verde","511","Population totale","3010","Population-Estimations","2013","2013","1000 personnes","539.94","X","Ciffre de sources internationales",""
"OA","Séries temporelles annuelles","116","Cambodge","511","Population totale","3010","Population-Estimations","2013","2013","1000 personnes","14999.683","X","Ciffre de sources internationales",""
"OA","Séries temporelles annuelles","120","Cameroun","511","Population totale","3010","Population-Estimations","2013","2013","1000 personnes","21632.85","X","Ciffre de sources internationales",""
"OA","Séries temporelles annuelles","124","Canada","511","Population totale","3010","Population-Estimations","2013","2013","1000 personnes","35063.691","X","Ciffre de sources internationales",""
"OA","Séries temporelles annuelles","152","Chili","511","Population totale","3010","Population-Estimations","2013","2013","1000 personnes","17509.925","X","Ciffre de sources internationales",""
"OA","Séries temporelles annuelles","159","Chine","511","Population totale","3010","Population-Estimations","2013","2013","1000 personnes","1407320.843","X","Ciffre de sources internationales",""
"OA","Séries temporelles annuelles","344","Chine - RAS de Hong-Kong","511","Population totale","3010","Population-Estimations","2013","2013","1000 personnes","7296.827","X","Ciffre de sources internationales",""
"OA","Séries temporelles annuelles","446","Chine - RAS de Macao","511","Population totale","3010","Population-Estimations","2013","2013","1000 personnes","593.374","X","Ciffre de sources internationales",""
"OA","Séries temporelles annuelles","156","Chine, continentale","511","Population totale","3010","Population-Estimations","2013","2013","1000 personnes","1376100.308","X","Ciffre de sources internationales",""
"OA","Séries temporelles annuelles","158","Chine, Taiwan Province de","511","Population totale","3010","Population-Estimations","2013","2013","1000 personnes","23330.334","X","Ciffre de sources internationales",""
"OA","Séries temporelles annuelles","196","Chypre","511","Population totale","3010","Population-Estimations","2013","2013","1000 personnes","1166.968","X","Ciffre de sources internationales",""
"OA","Séries temporelles annuelles","170","Colombie","511","Population totale","3010","Population-Estimations","2013","2013","1000 personnes","46237.93","X","Ciffre de sources internationales",""
"OA","Séries temporelles annuelles","174","Comores","511","Population totale","3010","Population-Estimations","2013","2013","1000 personnes","699.393","X","Ciffre de sources internationales",""
"OA","Séries temporelles annuelles","178","Congo","511","Population totale","3010","Population-Estimations","2013","2013","1000 personnes","4828.066","X","Ciffre de sources internationales",""
"OA","Séries temporelles annuelles","188","Costa Rica","511","Population totale","3010","Population-Estimations","2013","2013","1000 personnes","4791.535","X","Ciffre de sources internationales",""
"OA","Séries temporelles annuelles","384","Côte d'Ivoire","511","Population totale","3010","Population-Estimations","2013","2013","1000 personnes","22469.268","X","Ciffre de sources internationales",""
"OA","Séries temporelles annuelles","191","Croatie","511","Population totale","3010","Population-Estimations","2013","2013","1000 personnes","4308.854","X","Ciffre de sources internationales",""
"OA","Séries temporelles annuelles","192","Cuba","511","Population totale","3010","Population-Estimations","2013","2013","1000 personnes","11321.579","X","Ciffre de sources internationales",""
"OA","Séries temporelles annuelles","531","Curaçao","511","Population totale","3010","Population-Estimations","2013","2013","1000 personnes","166.136","X","Ciffre de sources internationales",""
"OA","Séries temporelles annuelles","208","Danemark","511","Population totale","3010","Population-Estimations","2013","2013","1000 personnes","5625.385","X","Ciffre de sources internationales",""
"OA","Séries temporelles annuelles","262","Djibouti","511","Population totale","3010","Population-Estimations","2013","2013","1000 personnes","971.753","X","Ciffre de sources internationales",""
"OA","Séries temporelles annuelles","212","Dominique","511","Population totale","3010","Population-Estimations","2013","2013","1000 personnes","68.819","X","Ciffre de sources internationales",""
"OA","Séries temporelles annuelles","818","Égypte","511","Population totale","3010","Population-Estimations","2013","2013","1000 personnes","93377.89","X","Ciffre de sources internationales",""
"OA","Séries temporelles annuelles","222","El Salvador","511","Population totale","3010","Population-Estimations","2013","2013","1000 personnes","6185.642","X","Ciffre de sources internationales",""
"OA","Séries temporelles annuelles","784","Émirats arabes unis","511","Population totale","3010","Population-Estimations","2013","2013","1000 personnes","8751.847","X","Ciffre de sources internationales",""
"OA","Séries temporelles annuelles","218","Équateur","511","Population totale","3010","Population-Estimations","2013","2013","1000 personnes","15722.989","X","Ciffre de sources internationales",""
"OA","Séries temporelles annuelles","232","Érythrée","511","Population totale","3010","Population-Estimations","2013","2013","1000 personnes","3296.367","X","Ciffre de sources internationales",""
"OA","Séries temporelles annuelles","724","Espagne","511","Population totale","3010","Population-Estimations","2013","2013","1000 personnes","46603.459","X","Ciffre de sources internationales",""
"OA","Séries temporelles annuelles","233","Estonie","511","Population totale","3010","Population-Estimations","2013","2013","1000 personnes","1317.982","X","Ciffre de sources internationales",""
"OA","Séries temporelles annuelles","748","Eswatini","511","Population totale","3010","Population-Estimations","2013","2013","1000 personnes","1118.319","X","Ciffre de sources internationales",""
"OA","Séries temporelles annuelles","840","États-Unis d'Amérique","511","Population totale","3010","Population-Estimations","2013","2013","1000 personnes","319375.166","X","Ciffre de sources internationales",""
"OA","Séries temporelles annuelles","231","Éthiopie","511","Population totale","3010","Population-Estimations","2013","2013","1000 personnes","97084.366","X","Ciffre de sources internationales",""
"OA","Séries temporelles annuelles","643","Fédération de Russie","511","Population totale","3010","Population-Estimations","2013","2013","1000 personnes","143956.866","X","Ciffre de sources internationales",""
"OA","Séries temporelles annuelles","242","Fidji","511","Population totale","3010","Population-Estimations","2013","2013","1000 personnes","913.453","X","Ciffre de sources internationales",""
"OA","Séries temporelles annuelles","246","Finlande","511","Population totale","3010","Population-Estimations","2013","2013","1000 personnes","5438.872","X","Ciffre de sources internationales",""
"OA","Séries temporelles annuelles","250","France","511","Population totale","3010","Population-Estimations","2013","2013","1000 personnes","63335.18","X","Ciffre de sources internationales",""
"OA","Séries temporelles annuelles","266","Gabon","511","Population totale","3010","Population-Estimations","2013","2013","1000 personnes","1902.226","X","Ciffre de sources internationales",""
"OA","Séries temporelles annuelles","270","Gambie","511","Population totale","3010","Population-Estimations","2013","2013","1000 personnes","2124.869","X","Ciffre de sources internationales",""
"OA","Séries temporelles annuelles","268","Géorgie","511","Population totale","3010","Population-Estimations","2013","2013","1000 personnes","3786.023","X","Ciffre de sources internationales",""
"OA","Séries temporelles annuelles","288","Ghana","511","Population totale","3010","Population-Estimations","2013","2013","1000 personnes","27525.597","X","Ciffre de sources internationales",""
"OA","Séries temporelles annuelles","292","Gibraltar","511","Population totale","3010","Population-Estimations","2013","2013","1000 personnes","32.411","X","Ciffre de sources internationales",""
"OA","Séries temporelles annuelles","300","Grèce","511","Population totale","3010","Population-Estimations","2013","2013","1000 personnes","10914.505","X","Ciffre de sources internationales",""
"OA","Séries temporelles annuelles","308","Grenade","511","Population totale","3010","Population-Estimations","2013","2013","1000 personnes","116.945","X","Ciffre de sources internationales",""
"OA","Séries temporelles annuelles","304","Groenland","511","Population totale","3010","Population-Estimations","2013","2013","1000 personnes","56.089","X","Ciffre de sources internationales",""
"OA","Séries temporelles annuelles","312","Guadeloupe","511","Population totale","3010","Population-Estimations","2013","2013","1000 personnes","402.347","X","Ciffre de sources internationales",""
"OA","Séries temporelles annuelles","316","Guam","511","Population totale","3010","Population-Estimations","2013","2013","1000 personnes","167.054","X","Ciffre de sources internationales",""
"OA","Séries temporelles annuelles","320","Guatemala","511","Population totale","3010","Population-Estimations","2013","2013","1000 personnes","15422.662","X","Ciffre de sources internationales",""
"OA","Séries temporelles annuelles","324","Guinée","511","Population totale","3010","Population-Estimations","2013","2013","1000 personnes","11055.43","X","Ciffre de sources internationales",""
"OA","Séries temporelles annuelles","226","Guinée équatoriale","511","Population totale","3010","Population-Estimations","2013","2013","1000 personnes","1243.941","X","Ciffre de sources internationales",""
"OA","Séries temporelles annuelles","624","Guinée-Bissau","511","Population totale","3010","Population-Estimations","2013","2013","1000 personnes","1697.753","X","Ciffre de sources internationales",""
"OA","Séries temporelles annuelles","328","Guyana","511","Population totale","3010","Population-Estimations","2013","2013","1000 personnes","747.42","X","Ciffre de sources internationales",""
"OA","Séries temporelles annuelles","254","Guyane française","511","Population totale","3010","Population-Estimations","2013","2013","1000 personnes","245.37","X","Ciffre de sources internationales",""
"OA","Séries temporelles annuelles","332","Haïti","511","Population totale","3010","Population-Estimations","2013","2013","1000 personnes","10261.206","X","Ciffre de sources internationales",""
"OA","Séries temporelles annuelles","340","Honduras","511","Population totale","3010","Population-Estimations","2013","2013","1000 personnes","8960.657","X","Ciffre de sources internationales",""
"OA","Séries temporelles annuelles","348","Hongrie","511","Population totale","3010","Population-Estimations","2013","2013","1000 personnes","9894.639","X","Ciffre de sources internationales",""
"OA","Séries temporelles annuelles","833","Île de Man","511","Population totale","3010","Population-Estimations","2013","2013","1000 personnes","84.144","X","Ciffre de sources internationales",""
"OA","Séries temporelles annuelles","136","Îles Caïmanes","511","Population totale","3010","Population-Estimations","2013","2013","1000 personnes","58.212","X","Ciffre de sources internationales",""
"OA","Séries temporelles annuelles","184","Îles Cook","511","Population totale","3010","Population-Estimations","2013","2013","1000 personnes","17.916","X","Ciffre de sources internationales",""
"OA","Séries temporelles annuelles","238","Îles Falkland (Malvinas)","511","Population totale","3010","Population-Estimations","2013","2013","1000 personnes","3.26","X","Ciffre de sources internationales",""
"OA","Séries temporelles annuelles","234","Îles Féroé","511","Population totale","3010","Population-Estimations","2013","2013","1000 personnes","48.418","X","Ciffre de sources internationales",""
"OA","Séries temporelles annuelles","580","Îles Mariannes du Nord","511","Population totale","3010","Population-Estimations","2013","2013","1000 personnes","52.141","X","Ciffre de sources internationales",""
"OA","Séries temporelles annuelles","584","Îles Marshall","511","Population totale","3010","Population-Estimations","2013","2013","1000 personnes","51.352","X","Ciffre de sources internationales",""
"OA","Séries temporelles annuelles","090","Îles Salomon","511","Population totale","3010","Population-Estimations","2013","2013","1000 personnes","582.365","X","Ciffre de sources internationales",""
"OA","Séries temporelles annuelles","796","Îles Turques-et-Caïques","511","Population totale","3010","Population-Estimations","2013","2013","1000 personnes","33.594","X","Ciffre de sources internationales",""
"OA","Séries temporelles annuelles","850","Îles Vierges américaines","511","Population totale","3010","Population-Estimations","2013","2013","1000 personnes","104.058","X","Ciffre de sources internationales",""
"OA","Séries temporelles annuelles","092","Îles Vierges britanniques","511","Population totale","3010","Population-Estimations","2013","2013","1000 personnes","28.657","X","Ciffre de sources internationales",""
"OA","Séries temporelles annuelles","876","Îles Wallis-et-Futuna","511","Population totale","3010","Population-Estimations","2013","2013","1000 personnes","12.464","X","Ciffre de sources internationales",""
"OA","Séries temporelles annuelles","356","Inde","511","Population totale","3010","Population-Estimations","2013","2013","1000 personnes","1291132.063","X","Ciffre de sources internationales",""
"OA","Séries temporelles annuelles","360","Indonésie","511","Population totale","3010","Population-Estimations","2013","2013","1000 personnes","253275.918","X","Ciffre de sources internationales",""
"OA","Séries temporelles annuelles","364","Iran (République islamique d')","511","Population totale","3010","Population-Estimations","2013","2013","1000 personnes","78458.928","X","Ciffre de sources internationales",""
"OA","Séries temporelles annuelles","368","Iraq","511","Population totale","3010","Population-Estimations","2013","2013","1000 personnes","35481.8","X","Ciffre de sources internationales",""
"OA","Séries temporelles annuelles","372","Irlande","511","Population totale","3010","Population-Estimations","2013","2013","1000 personnes","4588.832","X","Ciffre de sources internationales",""
"OA","Séries temporelles annuelles","352","Islande","511","Population totale","3010","Population-Estimations","2013","2013","1000 personnes","324.024","X","Ciffre de sources internationales",""
"OA","Séries temporelles annuelles","376","Israël","511","Population totale","3010","Population-Estimations","2013","2013","1000 personnes","7726.676","X","Ciffre de sources internationales",""
"OA","Séries temporelles annuelles","380","Italie","511","Population totale","3010","Population-Estimations","2013","2013","1000 personnes","60312.599","X","Ciffre de sources internationales",""
"OA","Séries temporelles annuelles","388","Jamaïque","511","Population totale","3010","Population-Estimations","2013","2013","1000 personnes","2773.129","X","Ciffre de sources internationales",""
"OA","Séries temporelles annuelles","392","Japon","511","Population totale","3010","Population-Estimations","2013","2013","1000 personnes","127678.924","X","Ciffre de sources internationales",""
"OA","Séries temporelles annuelles","400","Jordanie","511","Population totale","3010","Population-Estimations","2013","2013","1000 personnes","7694.814","X","Ciffre de sources internationales",""
"OA","Séries temporelles annuelles","398","Kazakhstan","511","Population totale","3010","Population-Estimations","2013","2013","1000 personnes","17345.732","X","Ciffre de sources internationales",""
"OA","Séries temporelles annuelles","404","Kenya","511","Population totale","3010","Population-Estimations","2013","2013","1000 personnes","44792.368","X","Ciffre de sources internationales",""
"OA","Séries temporelles annuelles","417","Kirghizistan","511","Population totale","3010","Population-Estimations","2013","2013","1000 personnes","5719.56","X","Ciffre de sources internationales",""
"OA","Séries temporelles annuelles","296","Kiribati","511","Population totale","3010","Population-Estimations","2013","2013","1000 personnes","113.311","X","Ciffre de sources internationales",""
"OA","Séries temporelles annuelles","414","Koweït","511","Population totale","3010","Population-Estimations","2013","2013","1000 personnes","3646.518","X","Ciffre de sources internationales",""
"OA","Séries temporelles annuelles","426","Lesotho","511","Population totale","3010","Population-Estimations","2013","2013","1000 personnes","2073.939","X","Ciffre de sources internationales",""
"OA","Séries temporelles annuelles","428","Lettonie","511","Population totale","3010","Population-Estimations","2013","2013","1000 personnes","2031.486","X","Ciffre de sources internationales",""
"OA","Séries temporelles annuelles","422","Liban","511","Population totale","3010","Population-Estimations","2013","2013","1000 personnes","5678.851","X","Ciffre de sources internationales",""
"OA","Séries temporelles annuelles","430","Libéria","511","Population totale","3010","Population-Estimations","2013","2013","1000 personnes","4427.313","X","Ciffre de sources internationales",""
"OA","Séries temporelles annuelles","434","Libye","511","Population totale","3010","Population-Estimations","2013","2013","1000 personnes","5985.221","X","Ciffre de sources internationales",""
"OA","Séries temporelles annuelles","438","Liechtenstein","511","Population totale","3010","Population-Estimations","2013","2013","1000 personnes","36.806","X","Ciffre de sources internationales",""
"OA","Séries temporelles annuelles","440","Lituanie","511","Population totale","3010","Population-Estimations","2013","2013","1000 personnes","3028.189","X","Ciffre de sources internationales",""
"OA","Séries temporelles annuelles","442","Luxembourg","511","Population totale","3010","Population-Estimations","2013","2013","1000 personnes","543.066","X","Ciffre de sources internationales",""
"OA","Séries temporelles annuelles","807","Macédoine du Nord","511","Population totale","3010","Population-Estimations","2013","2013","1000 personnes","2102.215","X","Ciffre de sources internationales",""
"OA","Séries temporelles annuelles","450","Madagascar","511","Population totale","3010","Population-Estimations","2013","2013","1000 personnes","23588.073","X","Ciffre de sources internationales",""
"OA","Séries temporelles annuelles","458","Malaisie","511","Population totale","3010","Population-Estimations","2013","2013","1000 personnes","30134.807","X","Ciffre de sources internationales",""
"OA","Séries temporelles annuelles","454","Malawi","511","Population totale","3010","Population-Estimations","2013","2013","1000 personnes","16024.775","X","Ciffre de sources internationales",""
"OA","Séries temporelles annuelles","462","Maldives","511","Population totale","3010","Population-Estimations","2013","2013","1000 personnes","400.728","X","Ciffre de sources internationales",""
"OA","Séries temporelles annuelles","466","Mali","511","Population totale","3010","Population-Estimations","2013","2013","1000 personnes","17004.033","X","Ciffre de sources internationales",""
"OA","Séries temporelles annuelles","470","Malte","511","Population totale","3010","Population-Estimations","2013","2013","1000 personnes","437.525","X","Ciffre de sources internationales",""
"OA","Séries temporelles annuelles","504","Maroc","511","Population totale","3010","Population-Estimations","2013","2013","1000 personnes","33803.527","X","Ciffre de sources internationales",""
"OA","Séries temporelles annuelles","474","Martinique","511","Population totale","3010","Population-Estimations","2013","2013","1000 personnes","384.726","X","Ciffre de sources internationales",""
"OA","Séries temporelles annuelles","480","Maurice","511","Population totale","3010","Population-Estimations","2013","2013","1000 personnes","1290.691","X","Ciffre de sources internationales",""
"OA","Séries temporelles annuelles","478","Mauritanie","511","Population totale","3010","Population-Estimations","2013","2013","1000 personnes","3742.959","X","Ciffre de sources internationales",""
"OA","Séries temporelles annuelles","175","Mayotte","511","Population totale","3010","Population-Estimations","2013","2013","1000 personnes","230.98","X","Ciffre de sources internationales",""
"OA","Séries temporelles annuelles","484","Mexique","511","Population totale","3010","Population-Estimations","2013","2013","1000 personnes","117290.686","X","Ciffre de sources internationales",""
"OA","Séries temporelles annuelles","583","Micronésie (États fédérés de)","511","Population totale","3010","Population-Estimations","2013","2013","1000 personnes","108.609","X","Ciffre de sources internationales",""
"OA","Séries temporelles annuelles","492","Monaco","511","Population totale","3010","Population-Estimations","2013","2013","1000 personnes","35.425","X","Ciffre de sources internationales",""
"OA","Séries temporelles annuelles","496","Mongolie","511","Population totale","3010","Population-Estimations","2013","2013","1000 personnes","2845.153","X","Ciffre de sources internationales",""
"OA","Séries temporelles annuelles","499","Monténégro","511","Population totale","3010","Population-Estimations","2013","2013","1000 personnes","633.946","X","Ciffre de sources internationales",""
"OA","Séries temporelles annuelles","500","Montserrat","511","Population totale","3010","Population-Estimations","2013","2013","1000 personnes","5.01","X","Ciffre de sources internationales",""
"OA","Séries temporelles annuelles","508","Mozambique","511","Population totale","3010","Population-Estimations","2013","2013","1000 personnes","25251.731","X","Ciffre de sources internationales",""
"OA","Séries temporelles annuelles","104","Myanmar","511","Population totale","3010","Population-Estimations","2013","2013","1000 personnes","50648.334","X","Ciffre de sources internationales",""
"OA","Séries temporelles annuelles","516","Namibie","511","Population totale","3010","Population-Estimations","2013","2013","1000 personnes","2204.51","X","Ciffre de sources internationales",""
"OA","Séries temporelles annuelles","520","Nauru","511","Population totale","3010","Population-Estimations","2013","2013","1000 personnes","10.694","X","Ciffre de sources internationales",""
"OA","Séries temporelles annuelles","524","Népal","511","Population totale","3010","Population-Estimations","2013","2013","1000 personnes","27381.555","X","Ciffre de sources internationales",""
"OA","Séries temporelles annuelles","558","Nicaragua","511","Population totale","3010","Population-Estimations","2013","2013","1000 personnes","6119.379","X","Ciffre de sources internationales",""
"OA","Séries temporelles annuelles","562","Niger","511","Population totale","3010","Population-Estimations","2013","2013","1000 personnes","18653.199","X","Ciffre de sources internationales",""
"OA","Séries temporelles annuelles","566","Nigéria","511","Population totale","3010","Population-Estimations","2013","2013","1000 personnes","174726.123","X","Ciffre de sources internationales",""
"OA","Séries temporelles annuelles","570","Nioué","511","Population totale","3010","Population-Estimations","2013","2013","1000 personnes","1.825","X","Ciffre de sources internationales",""
"OA","Séries temporelles annuelles","578","Norvège","511","Population totale","3010","Population-Estimations","2013","2013","1000 personnes","5080.668","X","Ciffre de sources internationales",""
"OA","Séries temporelles annuelles","540","Nouvelle-Calédonie","511","Population totale","3010","Population-Estimations","2013","2013","1000 personnes","276.394","X","Ciffre de sources internationales",""
"OA","Séries temporelles annuelles","554","Nouvelle-Zélande","511","Population totale","3010","Population-Estimations","2013","2013","1000 personnes","4450.644","X","Ciffre de sources internationales",""
"OA","Séries temporelles annuelles","512","Oman","511","Population totale","3010","Population-Estimations","2013","2013","1000 personnes","3816.68","X","Ciffre de sources internationales",""
"OA","Séries temporelles annuelles","800","Ouganda","511","Population totale","3010","Population-Estimations","2013","2013","1000 personnes","35273.57","X","Ciffre de sources internationales",""
"OA","Séries temporelles annuelles","860","Ouzbékistan","511","Population totale","3010","Population-Estimations","2013","2013","1000 personnes","29963.226","X","Ciffre de sources internationales",""
"OA","Séries temporelles annuelles","586","Pakistan","511","Population totale","3010","Population-Estimations","2013","2013","1000 personnes","205337.562","X","Ciffre de sources internationales",""
"OA","Séries temporelles annuelles","585","Palaos","511","Population totale","3010","Population-Estimations","2013","2013","1000 personnes","17.805","X","Ciffre de sources internationales",""
"OA","Séries temporelles annuelles","275","Palestine","511","Population totale","3010","Population-Estimations","2013","2013","1000 personnes","4281.794","X","Ciffre de sources internationales",""
"OA","Séries temporelles annuelles","591","Panama","511","Population totale","3010","Population-Estimations","2013","2013","1000 personnes","3821.556","X","Ciffre de sources internationales",""
"OA","Séries temporelles annuelles","598","Papouasie-Nouvelle-Guinée","511","Population totale","3010","Population-Estimations","2013","2013","1000 personnes","8245.627","X","Ciffre de sources internationales",""
"OA","Séries temporelles annuelles","600","Paraguay","511","Population totale","3010","Population-Estimations","2013","2013","1000 personnes","6005.652","X","Ciffre de sources internationales",""
"OA","Séries temporelles annuelles","528","Pays-Bas (Royaume des)","511","Population totale","3010","Population-Estimations","2013","2013","1000 personnes","16867.352","X","Ciffre de sources internationales",""
"OA","Séries temporelles annuelles","604","Pérou","511","Population totale","3010","Population-Estimations","2013","2013","1000 personnes","30038.809","X","Ciffre de sources internationales",""
"OA","Séries temporelles annuelles","608","Philippines","511","Population totale","3010","Population-Estimations","2013","2013","1000 personnes","99700.107","X","Ciffre de sources internationales",""
"OA","Séries temporelles annuelles","616","Pologne","511","Population totale","3010","Population-Estimations","2013","2013","1000 personnes","38607.353","X","Ciffre de sources internationales",""
"OA","Séries temporelles annuelles","258","Polynésie française","511","Population totale","3010","Population-Estimations","2013","2013","1000 personnes","288.032","X","Ciffre de sources internationales",""
"OA","Séries temporelles annuelles","630","Porto Rico","511","Population totale","3010","Population-Estimations","2013","2013","1000 personnes","3615.018","X","Ciffre de sources internationales",""
"OA","Séries temporelles annuelles","620","Portugal","511","Population totale","3010","Population-Estimations","2013","2013","1000 personnes","10464.535","X","Ciffre de sources internationales",""
"OA","Séries temporelles annuelles","634","Qatar","511","Population totale","3010","Population-Estimations","2013","2013","1000 personnes","2035.501","X","Ciffre de sources internationales",""
"OA","Séries temporelles annuelles","760","République arabe syrienne","511","Population totale","3010","Population-Estimations","2013","2013","1000 personnes","21495.821","X","Ciffre de sources internationales",""
"OA","Séries temporelles annuelles","140","République centrafricaine","511","Population totale","3010","Population-Estimations","2013","2013","1000 personnes","4802.428","X","Ciffre de sources internationales",""
"OA","Séries temporelles annuelles","410","République de Corée","511","Population totale","3010","Population-Estimations","2013","2013","1000 personnes","50098.229","X","Ciffre de sources internationales",""
"OA","Séries temporelles annuelles","498","République de Moldova","511","Population totale","3010","Population-Estimations","2013","2013","1000 personnes","3416.53","X","Ciffre de sources internationales",""
"OA","Séries temporelles annuelles","180","République démocratique du Congo","511","Population totale","3010","Population-Estimations","2013","2013","1000 personnes","73460.021","X","Ciffre de sources internationales",""
"OA","Séries temporelles annuelles","418","République démocratique populaire lao","511","Population totale","3010","Population-Estimations","2013","2013","1000 personnes","6600.742","X","Ciffre de sources internationales",""
"OA","Séries temporelles annuelles","214","République dominicaine","511","Population totale","3010","Population-Estimations","2013","2013","1000 personnes","10157.051","X","Ciffre de sources internationales",""
"OA","Séries temporelles annuelles","408","République populaire démocratique de Corée","511","Population totale","3010","Population-Estimations","2013","2013","1000 personnes","25001.819","X","Ciffre de sources internationales",""
"OA","Séries temporelles annuelles","834","République-Unie de Tanzanie","511","Population totale","3010","Population-Estimations","2013","2013","1000 personnes","49253.643","X","Ciffre de sources internationales",""
"OA","Séries temporelles annuelles","638","Réunion","511","Population totale","3010","Population-Estimations","2013","2013","1000 personnes","906.89","X","Ciffre de sources internationales",""
"OA","Séries temporelles annuelles","642","Roumanie","511","Population totale","3010","Population-Estimations","2013","2013","1000 personnes","20066.546","X","Ciffre de sources internationales",""
"OA","Séries temporelles annuelles","826","Royaume-Uni de Grande-Bretagne et d'Irlande du Nord","511","Population totale","3010","Population-Estimations","2013","2013","1000 personnes","64302.297","X","Ciffre de sources internationales",""
"OA","Séries temporelles annuelles","646","Rwanda","511","Population totale","3010","Population-Estimations","2013","2013","1000 personnes","11101.35","X","Ciffre de sources internationales",""
"OA","Séries temporelles annuelles","732","Sahara occidental","511","Population totale","3010","Population-Estimations","2013","2013","1000 personnes","462.755","X","Ciffre de sources internationales",""
"OA","Séries temporelles annuelles","652","Saint-Barthélemy","511","Population totale","3010","Population-Estimations","2013","2013","1000 personnes","9.338","X","Ciffre de sources internationales",""
"OA","Séries temporelles annuelles","654","Sainte-Hélène, Ascension et Tristan da Cunha","511","Population totale","3010","Population-Estimations","2013","2013","1000 personnes","5.422","X","Ciffre de sources internationales",""
"OA","Séries temporelles annuelles","662","Sainte-Lucie","511","Population totale","3010","Population-Estimations","2013","2013","1000 personnes","173.978","X","Ciffre de sources internationales",""
"OA","Séries temporelles annuelles","659","Saint-Kitts-et-Nevis","511","Population totale","3010","Population-Estimations","2013","2013","1000 personnes","47.767","X","Ciffre de sources internationales",""
"OA","Séries temporelles annuelles","674","Saint-Marin","511","Population totale","3010","Population-Estimations","2013","2013","1000 personnes","33.285","X","Ciffre de sources internationales",""
"OA","Séries temporelles annuelles","663","Saint-Martin (partie française)","511","Population totale","3010","Population-Estimations","2013","2013","1000 personnes","35.639","X","Ciffre de sources internationales",""
"OA","Séries temporelles annuelles","666","Saint-Pierre-et-Miquelon","511","Population totale","3010","Population-Estimations","2013","2013","1000 personnes","6.005","X","Ciffre de sources internationales",""
"OA","Séries temporelles annuelles","336","Saint-Siège","511","Population totale","3010","Population-Estimations","2013","2013","1000 personnes","0.574","X","Ciffre de sources internationales",""
"OA","Séries temporelles annuelles","670","Saint-Vincent-et-les Grenadines","511","Population totale","3010","Population-Estimations","2013","2013","1000 personnes","107.45","X","Ciffre de sources internationales",""
"OA","Séries temporelles annuelles","882","Samoa","511","Population totale","3010","Population-Estimations","2013","2013","1000 personnes","199.939","X","Ciffre de sources internationales",""
"OA","Séries temporelles annuelles","016","Samoa américaines","511","Population totale","3010","Population-Estimations","2013","2013","1000 personnes","52.995","X","Ciffre de sources internationales",""
"OA","Séries temporelles annuelles","678","Sao Tomé-et-Principe","511","Population totale","3010","Population-Estimations","2013","2013","1000 personnes","193.757","X","Ciffre de sources internationales",""
"OA","Séries temporelles annuelles","686","Sénégal","511","Population totale","3010","Population-Estimations","2013","2013","1000 personnes","13595.566","X","Ciffre de sources internationales",""
"OA","Séries temporelles annuelles","688","Serbie","511","Population totale","3010","Population-Estimations","2013","2013","1000 personnes","7566.676","X","Ciffre de sources internationales",""
"OA","Séries temporelles annuelles","690","Seychelles","511","Population totale","3010","Population-Estimations","2013","2013","1000 personnes","96.714","X","Ciffre de sources internationales",""
"OA","Séries temporelles annuelles","694","Sierra Leone","511","Population totale","3010","Population-Estimations","2013","2013","1000 personnes","6964.859","X","Ciffre de sources internationales",""
"OA","Séries temporelles annuelles","702","Singapour","511","Population totale","3010","Population-Estimations","2013","2013","1000 personnes","5478.055","X","Ciffre de sources internationales",""
"OA","Séries temporelles annuelles","534","Sint Maarten (partie néerlandaise)","511","Population totale","3010","Population-Estimations","2013","2013","1000 personnes","37.697","X","Ciffre de sources internationales",""
"OA","Séries temporelles annuelles","703","Slovaquie","511","Population totale","3010","Population-Estimations","2013","2013","1000 personnes","5414.739","X","Ciffre de sources internationales",""
"OA","Séries temporelles annuelles","705","Slovénie","511","Population totale","3010","Population-Estimations","2013","2013","1000 personnes","2072.374","X","Ciffre de sources internationales",""
"OA","Séries temporelles annuelles","706","Somalie","511","Population totale","3010","Population-Estimations","2013","2013","1000 personnes","12852.485","X","Ciffre de sources internationales",""
"OA","Séries temporelles annuelles","729","Soudan","511","Population totale","3010","Population-Estimations","2013","2013","1000 personnes","35990.704","X","Ciffre de sources internationales",""
"OA","Séries temporelles annuelles","728","Soudan du Sud","511","Population totale","3010","Population-Estimations","2013","2013","1000 personnes","11106.031","X","Ciffre de sources internationales",""
"OA","Séries temporelles annuelles","144","Sri Lanka","511","Population totale","3010","Population-Estimations","2013","2013","1000 personnes","21131.756","X","Ciffre de sources internationales",""
"OA","Séries temporelles annuelles","752","Suède","511","Population totale","3010","Population-Estimations","2013","2013","1000 personnes","9648.932","X","Ciffre de sources internationales",""
"OA","Séries temporelles annuelles","756","Suisse","511","Population totale","3010","Population-Estimations","2013","2013","1000 personnes","8088.367","X","Ciffre de sources internationales",""
"OA","Séries temporelles annuelles","740","Suriname","511","Population totale","3010","Population-Estimations","2013","2013","1000 personnes","563.947","X","Ciffre de sources internationales",""
"OA","Séries temporelles annuelles","762","Tadjikistan","511","Population totale","3010","Population-Estimations","2013","2013","1000 personnes","8136.61","X","Ciffre de sources internationales",""
"OA","Séries temporelles annuelles","148","Tchad","511","Population totale","3010","Population-Estimations","2013","2013","1000 personnes","13216.766","X","Ciffre de sources internationales",""
"OA","Séries temporelles annuelles","203","Tchéquie","511","Population totale","3010","Population-Estimations","2013","2013","1000 personnes","10514.552","X","Ciffre de sources internationales",""
"OA","Séries temporelles annuelles","764","Thaïlande","511","Population totale","3010","Population-Estimations","2013","2013","1000 personnes","69578.602","X","Ciffre de sources internationales",""
"OA","Séries temporelles annuelles","626","Timor-Leste","511","Population totale","3010","Population-Estimations","2013","2013","1000 personnes","1161.555","X","Ciffre de sources internationales",""
"OA","Séries temporelles annuelles","768","Togo","511","Population totale","3010","Population-Estimations","2013","2013","1000 personnes","7106.229","X","Ciffre de sources internationales",""
"OA","Séries temporelles annuelles","772","Tokélaou","511","Population totale","3010","Population-Estimations","2013","2013","1000 personnes","1.502","X","Ciffre de sources internationales",""
"OA","Séries temporelles annuelles","776","Tonga","511","Population totale","3010","Population-Estimations","2013","2013","1000 personnes","107.089","X","Ciffre de sources internationales",""
"OA","Séries temporelles annuelles","780","Trinité-et-Tobago","511","Population totale","3010","Population-Estimations","2013","2013","1000 personnes","1440.729","X","Ciffre de sources internationales",""
"OA","Séries temporelles annuelles","788","Tunisie","511","Population totale","3010","Population-Estimations","2013","2013","1000 personnes","11300.284","X","Ciffre de sources internationales",""
"OA","Séries temporelles annuelles","795","Turkménistan","511","Population totale","3010","Population-Estimations","2013","2013","1000 personnes","5560.095","X","Ciffre de sources internationales",""
"OA","Séries temporelles annuelles","792","Turquie","511","Population totale","3010","Population-Estimations","2013","2013","1000 personnes","76576.117","X","Ciffre de sources internationales",""
"OA","Séries temporelles annuelles","798","Tuvalu","511","Population totale","3010","Population-Estimations","2013","2013","1000 personnes","10.918","X","Ciffre de sources internationales",""
"OA","Séries temporelles annuelles","804","Ukraine","511","Population totale","3010","Population-Estimations","2013","2013","1000 personnes","45307.099","X","Ciffre de sources internationales",""
"OA","Séries temporelles annuelles","858","Uruguay","511","Population totale","3010","Population-Estimations","2013","2013","1000 personnes","3381.18","X","Ciffre de sources internationales",""
"OA","Séries temporelles annuelles","548","Vanuatu","511","Population totale","3010","Population-Estimations","2013","2013","1000 personnes","263.534","X","Ciffre de sources internationales",""
"OA","Séries temporelles annuelles","862","Venezuela (République bolivarienne du)","511","Population totale","3010","Population-Estimations","2013","2013","1000 personnes","29838.021","X","Ciffre de sources internationales",""
"OA","Séries temporelles annuelles","704","Viet Nam","511","Population totale","3010","Population-Estimations","2013","2013","1000 personnes","90267.739","X","Ciffre de sources internationales",""
"OA","Séries temporelles annuelles","887","Yémen","511","Population totale","3010","Population-Estimations","2013","2013","1000 personnes","26984.002","X","Ciffre de sources internationales",""
"OA","Séries temporelles annuelles","894","Zambie","511","Population totale","3010","Population-Estimations","2013","2013","1000 personnes","15234.976","X","Ciffre de sources internationales",""
"OA","Séries temporelles annuelles","716","Zimbabwe","511","Population totale","3010","Population-Estimations","2013","2013","1000 personnes","13555.422","X","Ciffre de sources internationales",""
